Application ID,License Number,License Type,Application or Renewal,Business Name,Status,Start Date,End Date,Temp Op Letter Issued,Temp Op Letter Expiration,License Category,Application Category,Building Number,Street,Street 2,Unit Type,Unit,Description,City,State,Zip,Address
1290700-ACRD,1290700-DCA,Business,Application,"JASANI, RAHIM",Issued,7/2/08,7/2/08,NA,NA,Tobacco Retail Dealer,Basic,NA,WEST   53 STREET,7 AVENUE,NA,NA,S/W/C,NEW YORK,NY,10019,NA WEST   53 STREET
13178-2015-ACRD,2029122-2-DCA,Business,Application,"LOPEZ, JAKELY",Issued,10/2/15,10/3/15,NA,NA,Tobacco Retail Dealer,Basic,6921,CENTRAL AVE,NA,NA,NA,NA,GLENDALE,NY,11385,6921 CENTRAL AVE
5779-2014-ACRD,2007336-1571-DCA,Business,Application,MAHANAIM GE32 CORP,Issued,4/29/14,5/2/14,NA,NA,Tobacco Retail Dealer,Basic,11501,JAMAICA AVE,NA,NA,NA,NA,RICHMOND HILL,NY,11418,11501 JAMAICA AVE
6487-2015-ACRD,2022667-2-DCA,Business,Application,BAGHDAD DELI CORP,Issued,5/11/15,5/14/15,NA,NA,Tobacco Retail Dealer,Basic,21511,JAMAICA AVE,NA,NA,NA,NA,QUEENS VILLAGE,NY,11428,21511 JAMAICA AVE
16472-2018-ATRD,2079646-1-DCA,Business,Application,AAA AUTO REPAIR INC.,Issued,10/18/18,11/2/18,NA,NA,Tobacco Retail Dealer,Basic,1504,149TH ST,NA,NA,NA,NA,WHITESTONE,NY,11357,1504 149TH ST
15032-2018-ATRD,2078980-1-DCA,Business,Application,STOP 2 GROCERY INC,Issued,9/7/18,10/11/18,NA,NA,Tobacco Retail Dealer,Basic,6627,MYRTLE AVE,NA,NA,NA,NA,GLENDALE,NY,11385,6627 MYRTLE AVE
